sim_id,context_turn,total_msgs,msg_idx,msg_dist,asst_turns_dist,role,fine_role,attn_mean,attn_sum,token_count,seq_len,attn_frac
33a282d4-454,2,16,0,2,1,assistant,asst_greeting,0.014713144136799706,0.13241829723119736,9,95,0.13239732728496983
33a282d4-454,2,16,1,1,0,user,user_msg,0.0050722735935899745,0.2536136796794987,50,95,0.2535735170634808
33a282d4-454,2,16,2,0,0,assistant,asst_gen,0.01705906693236843,0.6141264095652635,36,95,0.6140291556505497
33a282d4-454,4,16,0,4,2,assistant,asst_greeting,0.010987706948071718,0.09888936253264546,9,146,0.09889490756704844
33a282d4-454,4,16,1,3,1,user,user_msg,0.004092873378346363,0.20464366891731817,50,146,0.2046551439248967
33a282d4-454,4,16,2,2,1,assistant,asst_gen,0.008559253669806855,0.30813313211304677,36,146,0.30815041009699273
33a282d4-454,4,16,3,1,0,user,user_msg,0.001583838567004183,0.02692525563907111,17,146,0.026926765421973982
33a282d4-454,4,16,4,0,0,assistant,asst_gen,0.010628015024350115,0.3613525108279039,34,146,0.36137277298808806
33a282d4-454,6,16,0,6,3,assistant,asst_greeting,0.00821811851993617,0.07396306667942554,9,234,0.0739620888087649
33a282d4-454,6,16,1,5,2,user,user_msg,0.0021801915283625323,0.10900957641812661,50,234,0.10900813519521235
33a282d4-454,6,16,2,4,2,assistant,asst_gen,0.0064732863724943695,0.2330383094097973,36,234,0.23303522839469332
33a282d4-454,6,16,3,3,1,user,user_msg,0.0021872096335487988,0.03718256377032958,17,234,0.03718207217716247
33a282d4-454,6,16,4,2,1,assistant,asst_gen,0.003694419307352041,0.1256102564499694,34,234,0.12560859574835206
33a282d4-454,6,16,5,1,0,user,user_msg,0.0021828037709911083,0.058935701816759924,27,234,0.05893492262389708
33a282d4-454,6,16,6,0,0,assistant,asst_gen,0.005938913880268816,0.3622737466963978,61,234,0.3622689570509177
33a282d4-454,8,16,0,8,4,assistant,asst_greeting,0.008807814498949382,0.07927033049054444,9,281,0.07926904451383658
33a282d4-454,8,16,1,7,3,user,user_msg,0.0019321221791081674,0.09660610895540837,50,281,0.09660454174602266
33a282d4-454,8,16,2,6,3,assistant,asst_gen,0.004796320902069392,0.1726675524744981,36,281,0.1726647513451309
33a282d4-454,8,16,3,5,2,user,user_msg,0.0013855464356168467,0.023554289405486394,17,281,0.023553907291934476
33a282d4-454,8,16,4,4,2,assistant,asst_gen,0.0030413266890540326,0.10340510742783711,34,281,0.1034034299205175
33a282d4-454,8,16,5,3,1,user,user_msg,0.0015224178162576592,0.0411052810389568,27,281,0.041104614201394
33a282d4-454,8,16,6,2,1,assistant,asst_gen,0.0020277935824554736,0.12369540852978388,61,281,0.12369340185952965
33a282d4-454,8,16,7,1,0,user,user_msg,0.0013592728559160606,0.013592728559160605,10,281,0.013592508048760117
33a282d4-454,8,16,8,0,0,assistant,asst_gen,0.009354578812276528,0.3461194160542315,37,281,0.34611380107187395
33a282d4-454,10,16,0,10,5,assistant,asst_greeting,0.008655777425263767,0.0779019968273739,9,527,0.07789100331282336
33a282d4-454,10,16,1,9,4,user,user_msg,0.0022309569543964847,0.11154784771982423,50,527,0.11153210610937865
33a282d4-454,10,16,2,8,4,assistant,asst_gen,0.0050360765399764884,0.18129875543915358,36,527,0.1812731705942576
33a282d4-454,10,16,3,7,3,user,user_msg,0.0006924644561984357,0.011771895755373407,17,527,0.011770234507747612
33a282d4-454,10,16,4,6,3,assistant,asst_gen,0.0027599038903645123,0.09383673227239342,34,527,0.09382349005109454
33a282d4-454,10,16,5,5,2,user,user_msg,0.0011403505731671171,0.030789465475512163,27,527,0.0307851204721683
33a282d4-454,10,16,6,4,2,assistant,asst_gen,0.001415301560142136,0.0863333951686703,61,527,0.08632121181683546
33a282d4-454,10,16,7,3,1,user,user_msg,0.0005337935812349315,0.005337935812349315,10,527,0.005337182523891857
33a282d4-454,10,16,8,2,1,assistant,asst_gen,0.001789529567050268,0.06621259398085992,37,527,0.06620325007255201
33a282d4-454,10,16,9,1,0,user,user_msg,0.000963763933387305,0.01349269506742227,14,527,0.013490790980934237
33a282d4-454,10,16,10,0,0,assistant,asst_gen,0.001386283733629416,0.3216178262020245,232,527,0.32157243955731624
33a282d4-454,12,16,0,12,6,assistant,asst_greeting,0.010799144506799401,0.09719230056119461,9,834,0.0971954047010918
33a282d4-454,12,16,1,11,5,user,user_msg,0.0015717739395040553,0.07858869697520277,50,834,0.07859120695087306
33a282d4-454,12,16,2,10,5,assistant,asst_gen,0.0032576510602834955,0.11727543817020583,36,834,0.11727918372787327
33a282d4-454,12,16,3,9,4,user,user_msg,0.0004363948490422712,0.0074187124337186106,17,834,0.00741894937348769
33a282d4-454,12,16,4,8,4,assistant,asst_gen,0.0013149343690826093,0.044707768548808716,34,834,0.04470919643113339
33a282d4-454,12,16,5,7,3,user,user_msg,0.0004462420542893843,0.012048535465813377,27,834,0.012048920273451698
33a282d4-454,12,16,6,6,3,assistant,asst_gen,0.0007099356250036495,0.04330607312522262,61,834,0.043307456240022885
33a282d4-454,12,16,7,5,2,user,user_msg,0.00041091587725835177,0.004109158772583518,10,834,0.004109290011412275
33a282d4-454,12,16,8,4,2,assistant,asst_gen,0.0010005280901716539,0.037019539336351194,37,834,0.03702072167104608
33a282d4-454,12,16,9,3,1,user,user_msg,0.0005921248900471081,0.008289748460659514,14,834,0.008290013219686573
33a282d4-454,12,16,10,2,1,assistant,asst_gen,0.00046673553903861997,0.10828264505695984,232,834,0.10828610340167184
33a282d4-454,12,16,11,1,0,user,user_msg,0.000835207554910229,0.03507871730622962,42,834,0.03507983765470685
33a282d4-454,12,16,12,0,0,assistant,asst_gen,0.001534531051624595,0.40665072868051766,265,834,0.4066637163425426
33a282d4-454,14,16,0,14,7,assistant,asst_greeting,0.008817965647688619,0.07936169082919757,9,1117,0.07937930054941593
33a282d4-454,14,16,1,13,6,user,user_msg,0.0016421224089572207,0.08210612044786103,50,1117,0.08212433913491514
33a282d4-454,14,16,2,12,6,assistant,asst_gen,0.002894780188322936,0.10421208677962569,36,1117,0.10423521060262375
33a282d4-454,14,16,3,11,5,user,user_msg,0.00035008876918308325,0.005951509076112416,17,1117,0.00595282966805813
33a282d4-454,14,16,4,10,5,assistant,asst_gen,0.0010445351409659864,0.03551419479284353,34,1117,0.03552207510672732
33a282d4-454,14,16,5,9,4,user,user_msg,0.00033871261622366147,0.00914524063803886,27,1117,0.009147269893303998
33a282d4-454,14,16,6,8,4,assistant,asst_gen,0.0005957301880911735,0.03633954147356159,61,1117,0.036347604925228594
33a282d4-454,14,16,7,7,3,user,user_msg,0.00028959209386509124,0.0028959209386509124,10,1117,0.002896563520190838
33a282d4-454,14,16,8,6,3,assistant,asst_gen,0.0007300710945225427,0.02701263049733408,37,1117,0.02701862438255061
33a282d4-454,14,16,9,5,2,user,user_msg,0.00042067213225241825,0.0058894098515338555,14,1117,0.005890716664161626
33a282d4-454,14,16,10,4,2,assistant,asst_gen,0.00030360889255480396,0.07043726307271451,232,1117,0.07045289253426829
33a282d4-454,14,16,11,3,1,user,user_msg,0.00036564152177171697,0.015356943914412113,42,1117,0.015360351496621063
33a282d4-454,14,16,12,2,1,assistant,asst_gen,0.00041159510952867753,0.10907270402509954,265,1117,0.10909690637992935
33a282d4-454,14,16,13,1,0,user,user_msg,0.0006452794705779286,0.039362047705253644,61,1117,0.0393707818267179
33a282d4-454,14,16,14,0,0,assistant,asst_gen,0.0016987425821320913,0.3771208532333243,222,1117,0.37720453331428727
f6855952-de0,2,14,0,2,1,assistant,asst_greeting,0.01451886231424632,0.13066976082821688,9,71,0.1307036371325221
f6855952-de0,2,14,1,1,0,user,user_msg,0.007883376336277222,0.24438466642459392,31,71,0.2444480234650817
f6855952-de0,2,14,2,0,0,assistant,asst_gen,0.02015117382735855,0.6246863886481151,31,71,0.624848339401396
f6855952-de0,4,14,0,4,2,assistant,asst_greeting,0.010574444585169354,0.0951700012665242,9,166,0.09516478543228224
f6855952-de0,4,14,1,3,1,user,user_msg,0.004885603410413397,0.15145370572281533,31,166,0.151445405235121
f6855952-de0,4,14,2,2,1,assistant,asst_gen,0.00950487088149173,0.29465099732624367,31,166,0.2946348488473025
f6855952-de0,4,14,3,1,0,user,user_msg,0.0012935526760616887,0.02199039549304871,17,166,0.021989190299644478
f6855952-de0,4,14,4,0,0,assistant,asst_gen,0.005599868059472746,0.4367897086388742,78,166,0.43676577018464974
f6855952-de0,6,14,0,6,3,assistant,asst_greeting,0.008662633761694585,0.07796370385525127,9,253,0.07796783046960418
f6855952-de0,6,14,1,5,2,user,user_msg,0.0032098205672966324,0.09950443758619561,31,253,0.09950970435034374
f6855952-de0,6,14,2,4,2,assistant,asst_gen,0.006247788126695738,0.19368143192756787,31,253,0.19369168347460017
f6855952-de0,6,14,3,3,1,user,user_msg,0.0006736469955178429,0.01145199892380333,17,253,0.01145260507744652
f6855952-de0,6,14,4,2,1,assistant,asst_gen,0.0021073370305910227,0.16437228838609977,78,253,0.16438098860185316
f6855952-de0,6,14,5,1,0,user,user_msg,0.0007094782070596825,0.013480085934133967,19,253,0.013480799434305758
f6855952-de0,6,14,6,0,0,assistant,asst_gen,0.0064631342094852535,0.43949312624499726,68,253,0.43951638859084646
f6855952-de0,8,14,0,8,4,assistant,asst_greeting,0.010334974297115372,0.09301476867403835,9,529,0.09300807732483163
f6855952-de0,8,14,1,7,3,user,user_msg,0.002766418718159892,0.08575898026295665,31,529,0.08575281088477368
f6855952-de0,8,14,2,6,3,assistant,asst_gen,0.0054557747831710515,0.1691290182783026,31,529,0.16911685137901958
f6855952-de0,8,14,3,5,2,user,user_msg,0.0005719279391033685,0.009722774964757264,17,529,0.009722075522255014
f6855952-de0,8,14,4,4,2,assistant,asst_gen,0.0014788484903851312,0.11535018225004023,78,529,0.11534188412317825
f6855952-de0,8,14,5,3,1,user,user_msg,0.0004991459550582109,0.009483773146106007,19,529,0.0094830908970522
f6855952-de0,8,14,6,2,1,assistant,asst_gen,0.0014726130892188615,0.10013769006688258,68,529,0.10013048630491506
f6855952-de0,8,14,7,1,0,user,user_msg,0.0017600790705627229,0.021120948846752675,12,529,0.021119429435950222
f6855952-de0,8,14,8,0,0,assistant,asst_gen,0.0015013401789852542,0.3963538072521071,264,529,0.39632529412702444
f6855952-de0,10,14,0,10,5,assistant,asst_greeting,0.00976188497238413,0.08785696475145717,9,887,0.08786078640883527
f6855952-de0,10,14,1,9,4,user,user_msg,0.002135006143949032,0.06618519046242,31,887,0.06618806942736224
f6855952-de0,10,14,2,8,4,assistant,asst_gen,0.003787048514148469,0.11739850393860253,31,887,0.11740361061238785
f6855952-de0,10,14,3,7,3,user,user_msg,0.0003569665156343641,0.00606843076578419,17,887,0.006068694734193241
f6855952-de0,10,14,4,6,3,assistant,asst_gen,0.0009812367872624064,0.0765364694064677,78,887,0.0765397986378363
f6855952-de0,10,14,5,5,2,user,user_msg,0.0003244416774210996,0.006164391871000892,19,887,0.006164660013586308
f6855952-de0,10,14,6,4,2,assistant,asst_gen,0.0008210955294561798,0.05583449600302023,68,887,0.05583692472696039
f6855952-de0,10,14,7,3,1,user,user_msg,0.0008464295114612872,0.010157154137535446,12,887,0.010157595959799167
f6855952-de0,10,14,8,2,1,assistant,asst_gen,0.0004950668706908317,0.13069765386237955,264,887,0.13070333903093273
f6855952-de0,10,14,9,1,0,user,user_msg,0.00035682359063805613,0.03318459392933922,93,887,0.03318603741362744
f6855952-de0,10,14,10,0,0,assistant,asst_gen,0.0015466892608890462,0.40987265413559726,265,887,0.409890483033479
f6855952-de0,12,14,0,12,6,assistant,asst_greeting,0.00791144096809957,0.07120296871289612,9,1223,0.07119917056390791
f6855952-de0,12,14,1,11,5,user,user_msg,0.0021972872216069208,0.06811590386981455,31,1223,0.06811227039278346
f6855952-de0,12,14,2,10,5,assistant,asst_gen,0.0029990669055780838,0.0929710740729206,31,1223,0.09296611475735686
f6855952-de0,12,14,3,9,4,user,user_msg,0.00034016793324553873,0.0057828548651741585,17,1223,0.00578254639286251
f6855952-de0,12,14,4,8,4,assistant,asst_gen,0.0006939327877733524,0.054126757446321484,78,1223,0.05412387018624307
f6855952-de0,12,14,5,7,3,user,user_msg,0.00025040113897782586,0.004757621640578691,19,1223,0.004757367856836986
f6855952-de0,12,14,6,6,3,assistant,asst_gen,0.0005777029852995338,0.0392838030003683,68,1223,0.039281707501552514
f6855952-de0,12,14,7,5,2,user,user_msg,0.0006681925514789732,0.008018310617747678,12,1223,0.008017882900492199
f6855952-de0,12,14,8,4,2,assistant,asst_gen,0.00033162532994963597,0.0875490871067039,264,1223,0.08754441701383243
f6855952-de0,12,14,9,3,1,user,user_msg,0.00022918292325391698,0.02131401186261428,93,1223,0.021312874918550655
f6855952-de0,12,14,10,2,1,assistant,asst_gen,0.00046270535752485753,0.12261691974408724,265,1223,0.1226103790430732
f6855952-de0,12,14,11,1,0,user,user_msg,0.00028294762477506445,0.020089281359029577,71,1223,0.020088209745232472
f6855952-de0,12,14,12,0,0,assistant,asst_gen,0.0015253764192880931,0.4042247511113447,265,1223,0.40420318872627575
ea871dd1-e45,4,24,0,4,2,assistant,asst_greeting,0.008711621768910575,0.07840459592019518,9,136,0.07840574141044128
ea871dd1-e45,4,24,1,3,1,user,user_msg,0.0060964970771151235,0.21337739769902933,35,136,0.21338051514035955
ea871dd1-e45,4,24,2,2,1,assistant,asst_gen,0.009099417759136136,0.3002807860514925,33,136,0.30028517315032865
ea871dd1-e45,4,24,3,1,0,user,user_msg,0.0013972900161644687,0.025151220290960435,18,136,0.025151587750000082
ea871dd1-e45,4,24,4,0,0,assistant,asst_gen,0.009335887567372046,0.38277139026225393,41,136,0.3827769825478704
ea871dd1-e45,6,24,0,6,3,assistant,asst_greeting,0.006917442108883902,0.06225697897995512,9,201,0.06226021628467733
ea871dd1-e45,6,24,1,5,2,user,user_msg,0.004960641875264368,0.17362246563425288,35,201,0.17363149384020005
ea871dd1-e45,6,24,2,4,2,assistant,asst_gen,0.007326986523688479,0.2417905552817198,33,201,0.2418031281646194
ea871dd1-e45,6,24,3,3,1,user,user_msg,0.001065233474407621,0.01917420253933718,18,201,0.019175199579949207
ea871dd1-e45,6,24,4,2,1,assistant,asst_gen,0.0040626228383928735,0.16656753637410782,41,201,0.16657619773032692
ea871dd1-e45,6,24,5,1,0,user,user_msg,0.0010804492364210696,0.010804492364210697,10,201,0.010805054187715865
ea871dd1-e45,6,24,6,0,0,assistant,asst_gen,0.005922395862977613,0.3257317724637687,55,201,0.3257487102115112
ea871dd1-e45,8,24,0,8,4,assistant,asst_greeting,0.008200579038303759,0.07380521134473383,9,283,0.07380442866926631
ea871dd1-e45,8,24,1,7,3,user,user_msg,0.004504097773280505,0.15764342206481768,35,283,0.15764175031783914
ea871dd1-e45,8,24,2,6,3,assistant,asst_gen,0.005705150412842443,0.18826996362380063,33,283,0.18826796709429933
ea871dd1-e45,8,24,3,5,2,user,user_msg,0.0007196797092479688,0.012954234766463438,18,283,0.012954097391858481
ea871dd1-e45,8,24,4,4,2,assistant,asst_gen,0.002408112592033794,0.09873261627338555,41,283,0.09873156925251543
ea871dd1-e45,8,24,5,3,1,user,user_msg,0.0007438224837339173,0.007438224837339173,10,283,0.007438145957867168
ea871dd1-e45,8,24,6,2,1,assistant,asst_gen,0.001659620871396328,0.09127914792679805,55,283,0.0912781799470514
ea871dd1-e45,8,24,7,1,0,user,user_msg,0.0005206922775177478,0.020306998823192167,39,283,0.02030678347539344
ea871dd1-e45,8,24,8,0,0,assistant,asst_gen,0.008129785699086704,0.34958078506072826,43,283,0.3495770778929091
ea871dd1-e45,10,24,0,10,5,assistant,asst_greeting,0.008434484460546324,0.07591036014491692,9,404,0.07590710786414923
ea871dd1-e45,10,24,1,9,4,user,user_msg,0.0022990155993847156,0.08046554597846504,35,404,0.0804620985366778
ea871dd1-e45,10,24,2,8,4,assistant,asst_gen,0.005429523184398252,0.1791742650851423,33,404,0.17916658859651427
ea871dd1-e45,10,24,3,7,3,user,user_msg,0.0007126820950091955,0.01282827771016552,18,404,0.01282772809927183
ea871dd1-e45,10,24,4,6,3,assistant,asst_gen,0.0021866388597266088,0.08965219324879097,41,404,0.0896483522170355
ea871dd1-e45,10,24,5,5,2,user,user_msg,0.0005110340485771303,0.005110340485771303,10,404,0.005110121539871869
ea871dd1-e45,10,24,6,4,2,assistant,asst_gen,0.0012468636591096806,0.06857750125103243,55,404,0.06857456313707816
ea871dd1-e45,10,24,7,3,1,user,user_msg,0.0003138284171025309,0.012239308266998705,39,404,0.012238783889735698
ea871dd1-e45,10,24,8,2,1,assistant,asst_gen,0.002347840479872453,0.10095714063451547,43,404,0.10095281525697516
ea871dd1-e45,10,24,9,1,0,user,user_msg,0.001238667668867303,0.05945604810563054,48,404,0.0594535007884869
ea871dd1-e45,10,24,10,0,0,assistant,asst_gen,0.004324272118139237,0.3156718646241643,73,404,0.31565834007320365
ea871dd1-e45,12,24,0,12,6,assistant,asst_greeting,0.006851440914302926,0.061662968228726335,9,483,0.06166662715954398
ea871dd1-e45,12,24,1,11,5,user,user_msg,0.0017701058786423387,0.06195370575248185,35,483,0.06195738193495825
ea871dd1-e45,12,24,2,10,5,assistant,asst_gen,0.0034046397729135336,0.11235311250614662,33,483,0.11235977926705053
ea871dd1-e45,12,24,3,9,4,user,user_msg,0.0005568509759204635,0.010023317566568343,18,483,0.010023912325896231
ea871dd1-e45,12,24,4,8,4,assistant,asst_gen,0.0014171325011279178,0.05810243254624463,41,483,0.05810588020351982
ea871dd1-e45,12,24,5,7,3,user,user_msg,0.0003239865641414023,0.0032398656414140228,10,483,0.003240057887174824
ea871dd1-e45,12,24,6,6,3,assistant,asst_gen,0.0008300503348657388,0.04565276841761563,55,483,0.04565547734204908
ea871dd1-e45,12,24,7,5,2,user,user_msg,0.00018375388130245995,0.007166401370795938,39,483,0.007166826607653333
ea871dd1-e45,12,24,8,4,2,assistant,asst_gen,0.0015319026311479585,0.06587181313936222,43,483,0.06587572181281783
ea871dd1-e45,12,24,9,3,1,user,user_msg,0.00038217642821515417,0.0183444685543274,48,483,0.018345557070551233
ea871dd1-e45,12,24,10,2,1,assistant,asst_gen,0.0016717931859403345,0.12204090257364442,73,483,0.12204814418448909
ea871dd1-e45,12,24,11,1,0,user,user_msg,0.0015414536205472687,0.041619247754776253,27,483,0.04162171733988692
ea871dd1-e45,12,24,12,0,0,assistant,asst_tool_call,0.0075367242672235496,0.3919096618956246,52,483,0.39193291686340886
ea871dd1-e45,14,24,0,14,7,assistant,asst_greeting,0.006642133007214094,0.05977919706492684,9,537,0.059780712097948614
ea871dd1-e45,14,24,1,13,6,user,user_msg,0.0016359020106739034,0.05725657037358662,35,537,0.05725802147361955
ea871dd1-e45,14,24,2,12,6,assistant,asst_gen,0.003145404107951867,0.10379833556241162,33,537,0.10380096620841732
ea871dd1-e45,14,24,3,11,5,user,user_msg,0.0005265778552846449,0.009478401395123608,18,537,0.009478641613992585
ea871dd1-e45,14,24,4,10,5,assistant,asst_gen,0.0012676046218570913,0.051971789496140744,41,537,0.05197310665965504
ea871dd1-e45,14,24,5,9,4,user,user_msg,0.0003036865245121589,0.0030368652451215894,10,537,0.003036942210878156
ea871dd1-e45,14,24,6,8,4,assistant,asst_gen,0.000719155303051428,0.03955354166782854,55,537,0.039554544105544286
ea871dd1-e45,14,24,7,7,3,user,user_msg,0.00018946025591729145,0.007388949980774367,39,537,0.007389137244969384
ea871dd1-e45,14,24,8,6,3,assistant,asst_gen,0.0012608433818665312,0.05421626542026085,43,537,0.054217639467361876
ea871dd1-e45,14,24,9,5,2,user,user_msg,0.00041969174356321694,0.020145203691034414,48,537,0.02014571424738714
ea871dd1-e45,14,24,10,4,2,assistant,asst_gen,0.0012903015574725384,0.0941920136954953,73,537,0.09419440088063902
ea871dd1-e45,14,24,11,3,1,user,user_msg,0.0011376246057122365,0.030715864354230384,27,537,0.030716642811470928
ea871dd1-e45,14,24,12,2,1,assistant,asst_tool_call,0.0034726783777701857,0.18057927564404966,52,537,0.18058385221213824
ea871dd1-e45,14,24,13,1,0,user,user_msg,0.0014681786498826229,0.03083175164753508,21,537,0.03083253304180196
ea871dd1-e45,14,24,14,0,0,assistant,asst_tool_call,0.007788807017755291,0.2570306315859246,33,537,0.25703714572317604
ea871dd1-e45,16,24,0,16,8,assistant,asst_greeting,0.007834119316949337,0.07050707385254404,9,704,0.07050732969653925
ea871dd1-e45,16,24,1,15,7,user,user_msg,0.0020354566235688426,0.0712409818249095,35,704,0.07124124033198427
ea871dd1-e45,16,24,2,14,7,assistant,asst_gen,0.0037482829527171546,0.12369333743966611,33,704,0.12369378627686643
ea871dd1-e45,16,24,3,13,6,user,user_msg,0.0005410501010677157,0.009738901819218881,18,704,0.009738937158078009
ea871dd1-e45,16,24,4,12,6,assistant,asst_gen,0.0013243359011450993,0.05429777194694907,41,704,0.05429796897340538
ea871dd1-e45,16,24,5,11,5,user,user_msg,0.000296529659681255,0.00296529659681255,10,704,0.002965307356773031
ea871dd1-e45,16,24,6,10,5,assistant,asst_gen,0.0007644892201741722,0.04204690710957947,55,704,0.04204705968219542
ea871dd1-e45,16,24,7,9,4,user,user_msg,0.0001988283363011255,0.007754305115743894,39,704,0.007754333253238367
ea871dd1-e45,16,24,8,8,4,assistant,asst_gen,0.001433716887552078,0.06164982616473936,43,704,0.061650049869070966
ea871dd1-e45,16,24,9,7,3,user,user_msg,0.000405176409427573,0.019448467652523505,48,704,0.019448538223792357
ea871dd1-e45,16,24,10,6,3,assistant,asst_gen,0.00111592796634405,0.08146274154311565,73,704,0.08146303714116161
ea871dd1-e45,16,24,11,5,2,user,user_msg,0.00046071205808941696,0.012439225568414258,27,704,0.012439270705745775
ea871dd1-e45,16,24,12,4,2,assistant,asst_tool_call,0.0016410240725894581,0.08533325177465183,52,704,0.08533356141734248
ea871dd1-e45,16,24,13,3,1,user,user_msg,0.0005488477072648248,0.01152580185256132,21,704,0.01152584367541728
ea871dd1-e45,16,24,14,2,1,assistant,asst_tool_call,0.0012502924273277783,0.04125965010181668,33,704,0.04125979981776923
ea871dd1-e45,16,24,15,1,0,user,user_msg,0.0010544426833752772,0.012653312200503327,12,704,0.012653358114675752
ea871dd1-e45,16,24,16,0,0,assistant,asst_gen,0.001883738831094634,0.29197951881966827,155,704,0.29198057830494445
ea871dd1-e45,18,24,0,18,9,assistant,asst_greeting,0.006749268030506317,0.06074341227455685,9,1030,0.060747307136245016
ea871dd1-e45,18,24,1,17,8,user,user_msg,0.0016980762222374326,0.05943266777831014,35,1030,0.05943647859518867
ea871dd1-e45,18,24,2,16,8,assistant,asst_gen,0.003688825349018596,0.12173123651761367,33,1030,0.12173904191266165
ea871dd1-e45,18,24,3,15,7,user,user_msg,0.0004015625969192047,0.007228126744545685,18,1030,0.0072285902113296595
ea871dd1-e45,18,24,4,14,7,assistant,asst_gen,0.0011403583655964012,0.04675469298945245,41,1030,0.04675769089582036
ea871dd1-e45,18,24,5,13,6,user,user_msg,0.0002592147881841811,0.002592147881841811,10,1030,0.002592314090111926
ea871dd1-e45,18,24,6,12,6,assistant,asst_gen,0.0006047541125526275,0.03326147619039451,55,1030,0.03326360891301339
ea871dd1-e45,18,24,7,11,5,user,user_msg,0.00015934314448507852,0.006214382634918062,39,1030,0.006214781100528307
ea871dd1-e45,18,24,8,10,5,assistant,asst_gen,0.0010663850853163677,0.04585455866860381,43,1030,0.045857498858446595
ea871dd1-e45,18,24,9,9,4,user,user_msg,0.00018597813491400613,0.008926950475872294,48,1030,0.008927522871068723
ea871dd1-e45,18,24,10,8,4,assistant,asst_gen,0.0007335497514263205,0.0535491318541214,73,1030,0.0535525654192486
ea871dd1-e45,18,24,11,7,3,user,user_msg,0.00027261173377267784,0.007360516811862302,27,1030,0.007360988767484519
ea871dd1-e45,18,24,12,6,3,assistant,asst_tool_call,0.0013158849746111093,0.06842601867977768,52,1030,0.06843040614944147
ea871dd1-e45,18,24,13,5,2,user,user_msg,0.0003246953306729882,0.006818601944132752,21,1030,0.006819039152226348
ea871dd1-e45,18,24,14,4,2,assistant,asst_tool_call,0.0009613369840042082,0.03172412047213887,33,1030,0.031726154619658595
ea871dd1-e45,18,24,15,3,1,user,user_msg,0.000654966192137686,0.007859594305652232,12,1030,0.00786009826207482
ea871dd1-e45,18,24,16,2,1,assistant,asst_gen,0.00047018083601901655,0.07287802958294756,155,1030,0.07288270251511754
ea871dd1-e45,18,24,17,1,0,user,user_msg,0.0002344327381761204,0.014300397028743344,61,1030,0.014301313968810212
ea871dd1-e45,18,24,18,0,0,assistant,asst_gen,0.0012991691372522872,0.3442798213718561,265,1030,0.3443018965605236
ea871dd1-e45,20,24,0,20,10,assistant,asst_greeting,0.008479742867941105,0.07631768581146994,9,1397,0.07631495063857692
ea871dd1-e45,20,24,1,19,9,user,user_msg,0.0017873265426238678,0.06255642899183537,35,1397,0.06255418701283609
ea871dd1-e45,20,24,2,18,9,assistant,asst_gen,0.0029545208664712107,0.09749918859354996,33,1397,0.09749569429029774
ea871dd1-e45,20,24,3,17,8,user,user_msg,0.000265467779172468,0.004778420025104424,18,1397,0.004778248769847072
ea871dd1-e45,20,24,4,16,8,assistant,asst_gen,0.000740002019638934,0.030340082805196292,41,1397,0.03033899543768536
ea871dd1-e45,20,24,5,15,7,user,user_msg,0.00018366521198913687,0.0018366521198913688,10,1397,0.001836586295554076
ea871dd1-e45,20,24,6,14,7,assistant,asst_gen,0.00040466438525375755,0.022256541188956664,55,1397,0.022255743529967068
ea871dd1-e45,20,24,7,13,6,user,user_msg,0.00010722375514872426,0.004181726450800246,39,1397,0.004181576580626477
ea871dd1-e45,20,24,8,12,6,assistant,asst_gen,0.000683384028148836,0.02938551321039995,43,1397,0.029384460054000798
ea871dd1-e45,20,24,9,11,5,user,user_msg,0.0001474891165413636,0.0070794775939854535,48,1397,0.007079223870421827
ea871dd1-e45,20,24,10,10,5,assistant,asst_gen,0.00043522106174761626,0.031771137507575986,73,1397,0.03176999885205771
ea871dd1-e45,20,24,11,9,4,user,user_msg,0.0001431408287305798,0.0038648023757256547,27,1397,0.0038646638638907818
ea871dd1-e45,20,24,12,8,4,assistant,asst_tool_call,0.0007866697137578681,0.04090682511540914,52,1397,0.04090535904318741
ea871dd1-e45,20,24,13,7,3,user,user_msg,0.00017712833110520494,0.0037196949532093035,21,1397,0.0037195616419237456
ea871dd1-e45,20,24,14,6,3,assistant,asst_tool_call,0.0005982998366021368,0.019743894607870516,33,1397,0.019743187000390544
ea871dd1-e45,20,24,15,5,2,user,user_msg,0.0003016708609303957,0.003620050331164748,12,1397,0.003619920591073288
ea871dd1-e45,20,24,16,4,2,assistant,asst_gen,0.00029407953320343793,0.04558232764653288,155,1397,0.04558069400754535
ea871dd1-e45,20,24,17,3,1,user,user_msg,0.00013390652960521544,0.008168298305918142,61,1397,0.008168005559775869
ea871dd1-e45,20,24,18,2,1,assistant,asst_gen,0.00040024454753917823,0.10606480509788223,265,1397,0.10606100380887926
ea871dd1-e45,20,24,19,1,0,user,user_msg,0.0001520276059109105,0.015506815802912872,102,1397,0.015506260049396628
ea871dd1-e45,20,24,20,0,0,assistant,asst_gen,0.001452284800204093,0.38485547205408466,265,1397,0.3848416791010659
ea871dd1-e45,22,24,0,22,11,assistant,asst_greeting,0.007610705467717101,0.06849634920945391,9,1537,0.06849901256401364
ea871dd1-e45,22,24,1,21,10,user,user_msg,0.0015594861588310558,0.054582015559086955,35,1537,0.05458413788037409
ea871dd1-e45,22,24,2,20,10,assistant,asst_gen,0.0023837798471320623,0.07866473495535806,33,1537,0.0786677936888957
ea871dd1-e45,22,24,3,19,9,user,user_msg,0.00024345238044689823,0.004382142848044168,18,1537,0.0043823132396091265
ea871dd1-e45,22,24,4,18,9,assistant,asst_gen,0.0006536872470394705,0.026801177128618292,41,1537,0.0268022192430979
ea871dd1-e45,22,24,5,17,8,user,user_msg,0.0001489914416500445,0.001489914416500445,10,1537,0.0014899723490822627
ea871dd1-e45,22,24,6,16,8,assistant,asst_gen,0.0003427830942269572,0.018853070182482647,55,1537,0.018853803249441907
ea871dd1-e45,22,24,7,15,7,user,user_msg,8.135857824546626e-05,0.003172984551573184,39,1537,0.003173107927241682
ea871dd1-e45,22,24,8,14,7,assistant,asst_gen,0.0006156133318696913,0.026471373270396725,43,1537,0.026472402561059885
ea871dd1-e45,22,24,9,13,6,user,user_msg,0.00016386573239302038,0.007865555154864978,48,1537,0.007865860992510755
ea871dd1-e45,22,24,10,12,6,assistant,asst_gen,0.0004933046458643847,0.03601123914810008,73,1537,0.03601263937890206
ea871dd1-e45,22,24,11,11,5,user,user_msg,0.00016122497842624634,0.004353074417508651,27,1537,0.00435324367880115
ea871dd1-e45,22,24,12,10,5,assistant,asst_tool_call,0.0007301420558744025,0.03796738690546893,52,1537,0.037968863197478685
ea871dd1-e45,22,24,13,9,4,user,user_msg,0.0002007582179178118,0.004215922576274048,21,1537,0.004216086504669453
ea871dd1-e45,22,24,14,8,4,assistant,asst_tool_call,0.0005526485506632323,0.018237402171886668,33,1537,0.018238111299727678
ea871dd1-e45,22,24,15,7,3,user,user_msg,0.00027618564652382495,0.0033142277582858997,12,1537,0.0033143566259367144
ea871dd1-e45,22,24,16,6,3,assistant,asst_gen,0.00029702372451985204,0.04603867730057706,155,1537,0.046040467429869024
ea871dd1-e45,22,24,17,5,2,user,user_msg,0.00018513760462821882,0.011293393882321348,61,1537,0.01129383300517152
ea871dd1-e45,22,24,18,4,2,assistant,asst_gen,0.0002680396316695191,0.07103050239242256,265,1537,0.07103326428286796
ea871dd1-e45,22,24,19,3,1,user,user_msg,0.00016023528599316112,0.016343999171302435,102,1537,0.016344634677650138
ea871dd1-e45,22,24,20,2,1,assistant,asst_gen,0.0003962161693620998,0.10499728488095644,265,1537,0.10500136750726681
ea871dd1-e45,22,24,21,1,0,user,user_msg,0.0011216466246600652,0.053839037983683134,48,1537,0.05384113141565374
ea871dd1-e45,22,24,22,0,0,assistant,asst_tool_call,0.003277604918313981,0.3015396524848863,92,1537,0.3015513772996779
59e8ec77-bff,2,12,0,2,1,assistant,asst_greeting,0.015109008661022895,0.13598107794920605,9,98,0.13597180965912958
59e8ec77-bff,2,12,1,1,0,user,user_msg,0.004774994945134192,0.23874974725670958,50,98,0.23873347439031795
59e8ec77-bff,2,12,2,0,0,assistant,asst_gen,0.016034290720867872,0.625337338113847,39,98,0.6252947159495525
59e8ec77-bff,4,12,0,4,2,assistant,asst_greeting,0.010316552318356655,0.09284897086520989,9,150,0.09285899592766605
59e8ec77-bff,4,12,1,3,1,user,user_msg,0.0037894246860135663,0.1894712343006783,50,150,0.18949169183445397
59e8ec77-bff,4,12,2,2,1,assistant,asst_gen,0.007949638338018265,0.3100358951827123,39,150,0.3100693702894787
59e8ec77-bff,4,12,3,1,0,user,user_msg,0.001895947478438828,0.03223110713346008,17,150,0.03223458718131665
59e8ec77-bff,4,12,4,0,0,assistant,asst_gen,0.010722995213152552,0.3753048324603393,35,150,0.3753453547660844
59e8ec77-bff,6,12,0,6,3,assistant,asst_greeting,0.008749164050203508,0.07874247645183158,9,212,0.07873099847741928
59e8ec77-bff,6,12,1,5,2,user,user_msg,0.0021961466075178272,0.10980733037589137,50,212,0.1097913242025383
59e8ec77-bff,6,12,2,4,2,assistant,asst_gen,0.0052897883413715735,0.20630174531349135,39,212,0.2062716735369786
59e8ec77-bff,6,12,3,3,1,user,user_msg,0.0013226889203389305,0.022485711645761818,17,212,0.02248243399392075
59e8ec77-bff,6,12,4,2,1,assistant,asst_gen,0.0046254788601626864,0.16189176010569403,35,212,0.16186816179428973
59e8ec77-bff,6,12,5,1,0,user,user_msg,0.0013636601476415915,0.016363921771699097,12,212,0.01636153646857118
59e8ec77-bff,6,12,6,0,0,assistant,asst_gen,0.008091056831350823,0.4045528415675411,50,212,0.4044938715252822
59e8ec77-bff,8,12,0,8,4,assistant,asst_greeting,0.009061574513368585,0.08155417062031727,9,382,0.08156330991245832
59e8ec77-bff,8,12,1,7,3,user,user_msg,0.002187894604576286,0.1093947302288143,50,382,0.10940698944732695
59e8ec77-bff,8,12,2,6,3,assistant,asst_gen,0.0046763037178793754,0.18237584499729564,39,382,0.1823962827764334
59e8ec77-bff,8,12,3,5,2,user,user_msg,0.0007347609995015184,0.012490936991525814,17,382,0.012492336776741123
59e8ec77-bff,8,12,4,4,2,assistant,asst_gen,0.002419518540738777,0.0846831489258572,35,382,0.08469263886403658
59e8ec77-bff,8,12,5,3,1,user,user_msg,0.0006438990500707101,0.007726788600848522,12,382,0.0077276544962135065
59e8ec77-bff,8,12,6,2,1,assistant,asst_gen,0.0011576590217858515,0.057882951089292575,50,382,0.057889437688272954
59e8ec77-bff,8,12,7,1,0,user,user_msg,0.0008769314131129021,0.03595418793762899,41,382,0.03595821711019928
59e8ec77-bff,8,12,8,0,0,assistant,asst_gen,0.0033164743340785676,0.4278251890961352,129,382,0.4278731329273177
59e8ec77-bff,10,12,0,10,5,assistant,asst_greeting,0.008845224497943288,0.07960702048148958,9,486,0.07960080768179369
59e8ec77-bff,10,12,1,9,4,user,user_msg,0.002132261362833863,0.10661306814169316,50,486,0.1066047476991829
59e8ec77-bff,10,12,2,8,4,assistant,asst_gen,0.0037200000666556513,0.1450800025995704,39,486,0.14506868006808288
59e8ec77-bff,10,12,3,7,3,user,user_msg,0.0005468474039077467,0.009296405866431694,17,486,0.009295680343642492
59e8ec77-bff,10,12,4,6,3,assistant,asst_gen,0.0019075450870981773,0.0667640780484362,35,486,0.06675886755517459
59e8ec77-bff,10,12,5,5,2,user,user_msg,0.0004717898594511401,0.0056614783134136815,12,486,0.0056610364725995024
59e8ec77-bff,10,12,6,4,2,assistant,asst_gen,0.0009078855039479096,0.04539427519739548,50,486,0.04539073247544161
59e8ec77-bff,10,12,7,3,1,user,user_msg,0.0006161120381136236,0.025260593562658567,41,486,0.02525862214095411
59e8ec77-bff,10,12,8,2,1,assistant,asst_gen,0.001366871017640047,0.17632636127556606,129,486,0.17631260017312703
59e8ec77-bff,10,12,9,1,0,user,user_msg,0.0009072155251870802,0.03447418995710905,38,486,0.034471499475345176
59e8ec77-bff,10,12,10,0,0,assistant,asst_gen,0.004630311757738228,0.30560057601072305,66,486,0.305576725913656
4a3bb78f-10c,2,16,0,2,1,assistant,asst_greeting,0.014633073402499709,0.13169766062249738,9,136,0.1317034067879032
4a3bb78f-10c,2,16,1,1,0,user,user_msg,0.0029426684645203057,0.22364280330354325,76,136,0.22365256117269244
4a3bb78f-10c,2,16,2,0,0,assistant,asst_gen,0.01263952757813207,0.6446159064847355,51,136,0.6446440320384044
4a3bb78f-10c,4,16,0,4,2,assistant,asst_greeting,0.009832127166360064,0.08848914449724057,9,228,0.08850250279003335
4a3bb78f-10c,4,16,1,3,1,user,user_msg,0.0022314804517471905,0.1695925143327865,76,228,0.1696181159642046
4a3bb78f-10c,4,16,2,2,1,assistant,asst_gen,0.006280178056044118,0.32028908085825003,51,228,0.32033743159488265
4a3bb78f-10c,4,16,3,1,0,user,user_msg,0.0013383822615314447,0.024090880707566004,18,228,0.024094517459169334
4a3bb78f-10c,4,16,4,0,0,assistant,asst_gen,0.005370100577164447,0.3973874427101691,74,228,0.39744743219071
4a3bb78f-10c,6,16,0,6,3,assistant,asst_greeting,0.009218734814095552,0.08296861332685997,9,330,0.0829712959163983
4a3bb78f-10c,6,16,1,5,2,user,user_msg,0.0013572999884150193,0.10315479911954147,76,330,0.10315813438059805
4a3bb78f-10c,6,16,2,4,2,assistant,asst_gen,0.003864804951899119,0.19710505254685506,51,330,0.19711142546223492
4a3bb78f-10c,6,16,3,3,1,user,user_msg,0.0008661638717900065,0.015590949692220116,18,330,0.015591453787887864
4a3bb78f-10c,6,16,4,2,1,assistant,asst_gen,0.0022290074206474868,0.164946549127914,74,330,0.16495188227582783
4a3bb78f-10c,6,16,5,1,0,user,user_msg,0.0008054152201521882,0.0273841174851744,34,330,0.027385002884413184
4a3bb78f-10c,6,16,6,0,0,assistant,asst_gen,0.006012023340636184,0.4088175871632605,68,330,0.4088308052916399
4a3bb78f-10c,8,16,0,8,4,assistant,asst_greeting,0.009203780983591935,0.08283402885232742,9,384,0.0828330743138171
4a3bb78f-10c,8,16,1,7,3,user,user_msg,0.001415665158070193,0.10759055201333467,76,384,0.10758931219285672
4a3bb78f-10c,8,16,2,6,3,assistant,asst_gen,0.0032172311804161934,0.16407879020122587,51,384,0.1640768994381404
4a3bb78f-10c,8,16,3,5,2,user,user_msg,0.0007572323011117987,0.013630181420012377,18,384,0.013630024352521537
4a3bb78f-10c,8,16,4,4,2,assistant,asst_gen,0.00182192550230022,0.13482248717021628,74,384,0.13482093354234326
4a3bb78f-10c,8,16,5,3,1,user,user_msg,0.0007315747255002041,0.02487354066700694,34,384,0.024873254036587248
4a3bb78f-10c,8,16,6,2,1,assistant,asst_gen,0.002412411557498654,0.16404398590990849,68,384,0.16404209554789054
4a3bb78f-10c,8,16,7,1,0,user,user_msg,0.0011868274630075946,0.021362894334136705,18,384,0.021362648158674565
4a3bb78f-10c,8,16,8,0,0,assistant,asst_gen,0.007965973974183659,0.2867750630706117,36,384,0.2867717584161684
4a3bb78f-10c,10,16,0,10,5,assistant,asst_greeting,0.008848844902348463,0.07963960412113617,9,579,0.07963017482694099
4a3bb78f-10c,10,16,1,9,4,user,user_msg,0.001151121315743104,0.08748521999647589,76,579,0.08747486178480242
4a3bb78f-10c,10,16,2,8,4,assistant,asst_gen,0.0032686122269380124,0.16669922357383862,51,579,0.16667948645888767
4a3bb78f-10c,10,16,3,7,3,user,user_msg,0.0007266599947831342,0.013079879906096416,18,579,0.013078331254052833
4a3bb78f-10c,10,16,4,6,3,assistant,asst_gen,0.0014278743661954058,0.10566270309846003,74,579,0.10565019268076058
4a3bb78f-10c,10,16,5,5,2,user,user_msg,0.0006295728016414382,0.021405475255808902,34,579,0.021402940856927816
4a3bb78f-10c,10,16,6,4,2,assistant,asst_gen,0.0011402558007768107,0.07753739445282312,68,579,0.07752821405933055
4a3bb78f-10c,10,16,7,3,1,user,user_msg,0.0008624409172760488,0.015523936510968877,18,579,0.015522098483695327
4a3bb78f-10c,10,16,8,2,1,assistant,asst_gen,0.0014451324343364529,0.0520247676361123,36,579,0.05201860792644409
4a3bb78f-10c,10,16,9,1,0,user,user_msg,0.0007157536462210519,0.03292466772616839,46,579,0.03292076945995154
4a3bb78f-10c,10,16,10,0,0,assistant,asst_gen,0.002336480142970415,0.34813554130259183,149,579,0.3480943222072062
4a3bb78f-10c,12,16,0,12,6,assistant,asst_greeting,0.009328343008679373,0.08395508707811435,9,882,0.08395368982089832
4a3bb78f-10c,12,16,1,11,5,user,user_msg,0.0010738185897284972,0.08161021281936578,76,882,0.0816088545876882
4a3bb78f-10c,12,16,2,10,5,assistant,asst_gen,0.0027943320225436714,0.14251093314972724,51,882,0.1425085613526553
4a3bb78f-10c,12,16,3,9,4,user,user_msg,0.0004415855419210857,0.007948539754579542,18,882,0.007948407467723373
4a3bb78f-10c,12,16,4,8,4,assistant,asst_gen,0.0008835179561360704,0.06538032875406921,74,882,0.06537924063494127
4a3bb78f-10c,12,16,5,7,3,user,user_msg,0.0002574558615842583,0.008753499293864781,34,882,0.008753353610136974
4a3bb78f-10c,12,16,6,6,3,assistant,asst_gen,0.0007630339381131645,0.05188630779169519,68,882,0.05188544425238509
4a3bb78f-10c,12,16,7,5,2,user,user_msg,0.0005390128668565281,0.009702231603417507,18,882,0.009702070130020345
4a3bb78f-10c,12,16,8,4,2,assistant,asst_gen,0.0009935829009022098,0.035768984432479556,36,882,0.03576838913238104
4a3bb78f-10c,12,16,9,3,1,user,user_msg,0.0003903529185320793,0.017956234252475646,46,882,0.017955935408429918
4a3bb78f-10c,12,16,10,2,1,assistant,asst_gen,0.0006432551081010035,0.09584501110704953,149,882,0.09584341596686148
4a3bb78f-10c,12,16,11,1,0,user,user_msg,0.00040456318485877665,0.023869227906667824,59,882,0.023868830653182724
4a3bb78f-10c,12,16,12,0,0,assistant,asst_gen,0.0015361887100227654,0.37483004524555474,244,882,0.37482380698169565
4a3bb78f-10c,14,16,0,14,7,assistant,asst_greeting,0.009842163212683604,0.08857946891415244,9,970,0.08859863000864242
4a3bb78f-10c,14,16,1,13,6,user,user_msg,0.0010169015389794225,0.07728451696243611,76,970,0.07730123478599367
4a3bb78f-10c,14,16,2,12,6,assistant,asst_gen,0.002216214175836154,0.11302692296764386,51,970,0.11305137242051869
4a3bb78f-10c,14,16,3,11,5,user,user_msg,0.0004390191739663284,0.007902345131393911,18,970,0.007904054529560452
4a3bb78f-10c,14,16,4,10,5,assistant,asst_gen,0.0007254610596643599,0.05368411841516263,74,970,0.05369573111140222
4a3bb78f-10c,14,16,5,9,4,user,user_msg,0.00018672942569559844,0.006348800473650347,34,970,0.006350173816336467
4a3bb78f-10c,14,16,6,8,4,assistant,asst_gen,0.0005851178116005503,0.03978801118883742,68,970,0.03979661794445814
4a3bb78f-10c,14,16,7,7,3,user,user_msg,0.000405575967272819,0.007300367410910742,18,970,0.007301946592085418
4a3bb78f-10c,14,16,8,6,3,assistant,asst_gen,0.0007405038122475053,0.02665813724091019,36,970,0.02666390380389438
4a3bb78f-10c,14,16,9,5,2,user,user_msg,0.00021563684862175634,0.009919295036600792,46,970,0.009921440731893393
4a3bb78f-10c,14,16,10,4,2,assistant,asst_gen,0.0003768883545036241,0.056156364821039986,149,970,0.056168512302005265
4a3bb78f-10c,14,16,11,3,1,user,user_msg,0.00026552410737703196,0.015665922335244886,59,970,0.015669311113951936
4a3bb78f-10c,14,16,12,2,1,assistant,asst_gen,0.0006056370303746648,0.14777543541141822,244,970,0.1478074014992253
4a3bb78f-10c,14,16,13,1,0,user,user_msg,0.0008491709981251768,0.03141932693063154,37,970,0.03142612341179709
4a3bb78f-10c,14,16,14,0,0,assistant,asst_gen,0.006240680357648054,0.3182746982400507,51,970,0.31834354592723496
26282b61-302,2,12,0,2,1,assistant,asst_greeting,0.015348679972467598,0.13813811975220838,9,116,0.13814138172906854
26282b61-302,2,12,1,1,0,user,user_msg,0.0032515843716100787,0.2438688278707559,75,116,0.24387458655977567
26282b61-302,2,12,2,0,0,assistant,asst_gen,0.01931154497045403,0.617969439054529,32,116,0.6179840317101558
26282b61-302,4,12,0,4,2,assistant,asst_greeting,0.009797780170898747,0.08818002153808872,9,192,0.08818328546269352
26282b61-302,4,12,1,3,1,user,user_msg,0.002050904440362097,0.1538178330271573,75,192,0.1538235264915171
26282b61-302,4,12,2,2,1,assistant,asst_gen,0.009182595538201593,0.29384305722245097,32,192,0.29385393362696627
26282b61-302,4,12,3,1,0,user,user_msg,0.00229042693264965,0.03893725785504405,17,192,0.03893869909163869
26282b61-302,4,12,4,0,0,assistant,asst_gen,0.007206522328714152,0.425184817394135,59,192,0.4252005553261844
26282b61-302,6,12,0,6,3,assistant,asst_greeting,0.008176701333097837,0.07359031199788053,9,241,0.07358287002208559
26282b61-302,6,12,1,5,2,user,user_msg,0.0014198044315182619,0.10648533236386964,75,241,0.10647456380963398
26282b61-302,6,12,2,4,2,assistant,asst_gen,0.0063257124558807245,0.20242279858818318,32,241,0.20240232815496254
26282b61-302,6,12,3,3,1,user,user_msg,0.0019258174151593052,0.03273889605770819,17,241,0.03273558526766803
26282b61-302,6,12,4,2,1,assistant,asst_gen,0.0024764343410948885,0.1461096261245984,59,241,0.14609485047993123
26282b61-302,6,12,5,1,0,user,user_msg,0.0015849395920388186,0.02060421469650464,13,241,0.020602131051757358
26282b61-302,6,12,6,0,0,assistant,asst_gen,0.011615276597526474,0.4181499575109531,36,241,0.4181076712129612
26282b61-302,8,12,0,8,4,assistant,asst_greeting,0.008806011497250034,0.0792541034752503,9,353,0.07925299503732547
26282b61-302,8,12,1,7,3,user,user_msg,0.0017113485178480107,0.1283511388386008,75,353,0.12834934373571344
26282b61-302,8,12,2,6,3,assistant,asst_gen,0.0063699032804341495,0.20383690497389279,32,353,0.20383405413657274
26282b61-302,8,12,3,5,2,user,user_msg,0.0008659792200013923,0.014721646740023669,17,353,0.01472144084492364
26282b61-302,8,12,4,4,2,assistant,asst_gen,0.0018024552511972508,0.1063448598206378,59,353,0.10634337249480143
26282b61-302,8,12,5,3,1,user,user_msg,0.0005928908280437986,0.007707580764569381,13,353,0.007707472967314052
26282b61-302,8,12,6,2,1,assistant,asst_gen,0.002328327244766923,0.08381978081160923,36,353,0.08381860851869531
26282b61-302,8,12,7,1,0,user,user_msg,0.0010738465818922987,0.015033852146492183,14,353,0.0150336418849266
26282b61-302,8,12,8,0,0,assistant,asst_gen,0.003683103249977339,0.3609441184977792,98,353,0.36093907037872736
26282b61-302,10,12,0,10,5,assistant,asst_greeting,0.008762493839539174,0.07886244455585256,9,543,0.07886830656183133
26282b61-302,10,12,1,9,4,user,user_msg,0.0012637844585090838,0.09478383438818128,75,543,0.09479087986346425
26282b61-302,10,12,2,8,4,assistant,asst_gen,0.004503681434262793,0.14411780589640938,32,543,0.14412851846618285
26282b61-302,10,12,3,7,3,user,user_msg,0.0007027351113684548,0.011946496893263733,17,543,0.011947384900687393
26282b61-302,10,12,4,6,3,assistant,asst_gen,0.0011078143849880364,0.06536104871429414,59,543,0.0653659071340464
26282b61-302,10,12,5,5,2,user,user_msg,0.000397129279194931,0.005162680629534103,13,543,0.005163064382090687
26282b61-302,10,12,6,4,2,assistant,asst_gen,0.0016310531526263123,0.05871791349454725,36,543,0.058722278116540697
26282b61-302,10,12,7,3,1,user,user_msg,0.0007110611023519941,0.009954855432927918,14,543,0.009955595397589096
26282b61-302,10,12,8,2,1,assistant,asst_gen,0.001138318611384319,0.11155522391566326,98,543,0.11156351604245744
26282b61-302,10,12,9,1,0,user,user_msg,0.000398841928286332,0.02432935762546625,61,543,0.024331166076125663
26282b61-302,10,12,10,0,0,assistant,asst_gen,0.003063054356145965,0.3951340119428295,129,543,0.39516338305798404
